{
  "interactionModel": {
    "languageModel": {
      "intents": [
        {
          "name": "AMAZON.CancelIntent",
          "samples": []
        },
        {
          "name": "AMAZON.HelpIntent",
          "samples": []
        },
        {
          "name": "AMAZON.StopIntent",
          "samples": []
        },
        {
          "slots": [
            {
              "name": "kinds",
              "type": "kinds"
            }
          ],
          "name": "KindsIntent",
          "samples": [
            "{kinds}",
            "{kinds} の記録を始めたいです",
            "{kinds} の記録をしたいです"
          ]
        },
        {
          "name": "AMAZON.NavigateHomeIntent",
          "samples": []
        },
        {
          "slots": [
            {
              "name": "Goout",
              "type": "Goout"
            }
          ],
          "name": "GoOutIntent",
          "samples": [
            "{Goout}"
          ]
        },
        {
          "slots": [
            {
              "name": "how_to_goout",
              "type": "how_to_goout"
            }
          ],
          "name": "HowToGooutIntent",
          "samples": [
            "{how_to_goout} です",
            "{how_to_goout}",
            "{how_to_goout} で外出することが多いです"
          ]
        },
        {
          "slots": [
            {
              "name": "tasks",
              "type": "tasks"
            }
          ],
          "name": "TasksIntent",
          "samples": [
            "{tasks} へ行くことが多いです ",
            "{tasks}",
            "{tasks} です",
            "{tasks} に行くことが多いです"
          ]
        },
        {
          "slots": [
            {
              "name": "yymmdd",
              "type": "yymmdd"
            },
            {
              "name": "frequency",
              "type": "frequency"
            }
          ],
          "name": "FrequencyIntent",
          "samples": [
            "{yymmdd} {frequency} くらいです",
            "{yymmdd} {frequency} 回くらいです",
            "{yymmdd} {frequency} で外出しています",
            "{yymmdd} です",
            "{yymmdd} {frequency} ",
            "{yymmdd} {frequency} です",
            "{yymmdd} {frequency} 回外出しています",
            "{yymmdd} {frequency} 回です"
          ]
        }
      ],
      "types": [
        {
          "values": [
            {
              "name": {
                "value": "シルバーカー"
              }
            },
            {
              "name": {
                "value": "杖"
              }
            },
            {
              "name": {
                "value": "タクシー"
              }
            },
            {
              "name": {
                "value": "徒歩"
              }
            }
          ],
          "name": "how_to_goout"
        },
        {
          "values": [
            {
              "name": {
                "value": "移動運動"
              }
            },
            {
              "name": {
                "value": "運動"
              }
            }
          ],
          "name": "naiyou"
        },
        {
          "values": [
            {
              "name": {
                "value": "散歩"
              }
            },
            {
              "name": {
                "value": "通院"
              }
            },
            {
              "name": {
                "value": "趣味"
              }
            },
            {
              "name": {
                "value": "買い物"
              }
            }
          ],
          "name": "tasks"
        },
        {
          "values": [
            {
              "name": {
                "value": "移動運動の記録一"
              }
            }
          ],
          "name": "kinds"
        },
        {
          "values": [
            {
              "name": {
                "value": "はい"
              }
            },
            {
              "name": {
                "synonyms": [
                  "できてます",
                  "してます",
                  "できています"
                ],
                "value": "しています"
              }
            },
            {
              "name": {
                "synonyms": [
                  "外出できてます",
                  "外出してます",
                  "外出できています"
                ],
                "value": "外出しています"
              }
            }
          ],
          "name": "Goout"
        },
        {
          "values": [
            {
              "name": {
                "value": "毎日"
              }
            },
            {
              "name": {
                "synonyms": [
                  "一週間"
                ],
                "value": "週"
              }
            },
            {
              "name": {
                "synonyms": [
                  "一年"
                ],
                "value": "年"
              }
            }
          ],
          "name": "yymmdd"
        },
        {
          "values": [
            {
              "name": {
                "value": "七"
              }
            },
            {
              "name": {
                "value": "六"
              }
            },
            {
              "name": {
                "value": "五"
              }
            },
            {
              "name": {
                "value": "四"
              }
            },
            {
              "name": {
                "value": "三"
              }
            },
            {
              "name": {
                "value": "二"
              }
            },
            {
              "name": {
                "value": "一"
              }
            }
          ],
          "name": "frequency"
        }
      ],
      "invocationName": "移動運動"
    }
  }
}