{
  "manifest": {
    "apis": {
      "custom": {
        "endpoint": {
          "uri": "arn:aws:lambda:us-east-1:287246167414:function:5b74ffd8-e2ab-49a7-a439-4c39d21b528e:Release_0"
        },
        "interfaces": [],
        "locales": {},
        "regions": {
          "NA": {
            "endpoint": {
              "uri": "arn:aws:lambda:us-east-1:287246167414:function:5b74ffd8-e2ab-49a7-a439-4c39d21b528e:Release_0"
            }
          },
          "EU": {
            "endpoint": {
              "uri": "arn:aws:lambda:eu-west-1:287246167414:function:5b74ffd8-e2ab-49a7-a439-4c39d21b528e:Release_0"
            }
          },
          "FE": {
            "endpoint": {
              "uri": "arn:aws:lambda:us-west-2:287246167414:function:5b74ffd8-e2ab-49a7-a439-4c39d21b528e:Release_0"
            }
          }
        }
      }
    },
    "manifestVersion": "1.0",
    "publishingInformation": {
      "distributionCountries": [],
      "isAvailableWorldwide": true,
      "locales": {
        "ja-JP": {
          "description": "Sample Full Description",
          "examplePhrases": [
            "アレクサ、ハローワールドを開いて",
            "こんにちは",
            "ヘルプ"
          ],
          "keywords": [],
          "name": "意欲生きがい４",
          "summary": "Sample Short Description"
        }
      },
      "testingInstructions": "Sample Testing Instructions."
    }
  }
}