{
  "manifest": {
    "apis": {
      "custom": {
        "endpoint": {
          "uri": "arn:aws:lambda:us-east-1:336573264925:function:e257a944-31dc-436f-b917-73c3d3f74e0d:Release_0"
        },
        "interfaces": [],
        "locales": {},
        "regions": {
          "NA": {
            "endpoint": {
              "uri": "arn:aws:lambda:us-east-1:336573264925:function:e257a944-31dc-436f-b917-73c3d3f74e0d:Release_0"
            }
          },
          "EU": {
            "endpoint": {
              "uri": "arn:aws:lambda:eu-west-1:336573264925:function:e257a944-31dc-436f-b917-73c3d3f74e0d:Release_0"
            }
          },
          "FE": {
            "endpoint": {
              "uri": "arn:aws:lambda:us-west-2:336573264925:function:e257a944-31dc-436f-b917-73c3d3f74e0d:Release_0"
            }
          }
        }
      }
    },
    "manifestVersion": "1.0",
    "publishingInformation": {
      "distributionCountries": [],
      "isAvailableWorldwide": true,
      "locales": {
        "ja-JP": {
          "description": "Sample Full Description",
          "examplePhrases": [
            "アレクサ、ハローワールドを開いて",
            "こんにちは",
            "ヘルプ"
          ],
          "keywords": [],
          "name": "コーヒーショップ",
          "summary": "Sample Short Description"
        }
      },
      "testingInstructions": "Sample Testing Instructions."
    }
  }
}