{
  "manifest": {
    "apis": {
      "custom": {
        "endpoint": {
          "uri": "arn:aws:lambda:us-east-1:549245308997:function:5a242acf-12f5-48bd-819a-5420c4b2e410:Release_0"
        },
        "interfaces": [],
        "locales": {},
        "regions": {
          "NA": {
            "endpoint": {
              "uri": "arn:aws:lambda:us-east-1:549245308997:function:5a242acf-12f5-48bd-819a-5420c4b2e410:Release_0"
            }
          },
          "EU": {
            "endpoint": {
              "uri": "arn:aws:lambda:eu-west-1:549245308997:function:5a242acf-12f5-48bd-819a-5420c4b2e410:Release_0"
            }
          },
          "FE": {
            "endpoint": {
              "uri": "arn:aws:lambda:us-west-2:549245308997:function:5a242acf-12f5-48bd-819a-5420c4b2e410:Release_0"
            }
          }
        }
      }
    },
    "manifestVersion": "1.0",
    "publishingInformation": {
      "distributionCountries": [],
      "isAvailableWorldwide": true,
      "locales": {
        "ja-JP": {
          "description": "Sample Full Description",
          "examplePhrases": [
            "アレクサ、ハローワールドを開いて",
            "こんにちは",
            "ヘルプ"
          ],
          "keywords": [],
          "name": "アセスメント-移動運動",
          "summary": "Sample Short Description"
        }
      },
      "testingInstructions": "Sample Testing Instructions."
    }
  }
}